Municipio,Densidad de población
Santa María del Río,23.444482494236
Xilitla,124.787106703978
Axtla de Terrazas,170.21834669872
Huehuetlán,214.607775381281
Tanquián de Escobedo,93.775432995008
Vanegas,2.69942958369863
Villa Juárez,16.0973453669054
Zaragoza,44.5897505662084
Villa de Ramos,15.4035197950628
San Luis Potosí,615.324561816306
San Nicolás Tolentino,6.90242007830624
San Ciro de Acosta,15.982113510976
Total estatal,46.1620796063009
Santa Catarina,18.9856699747409
Villa de Guadalupe,4.85085509427653
Aquismón,60.8909727959974
Matehuala,78.5132615040751
Ciudad Valles,74.0111894674066
San Antonio,99.0793831493629
Venado,10.9054788330183
Cedral,16.966656038651
Guadalcázar,6.70579933105153
Lagunillas,10.1830876148132
Villa de la Paz,36.8301640299162
Charcas,10.1145295370098
Salinas,17.9824788321886
San Vicente Tancuayalab,28.8101081053852
Armadillo de los Infante,6.43761365954724
Cárdenas,46.9065915510773
Alaquines,13.2796568720099
Villa de Arista,29.4132688438032
Ebano,58.54871294719
Ahualulco,24.4689525537416
Tanlajás,48.5819218036499
Cerro de San Pedro,41.1849524500126
Soledad de Graciano Sánchez,1086.19059943373
San Martín Chalchicuautla,44.7026640132678
Catorce,4.92508409851466
Ciudad del Maíz,9.62422606475503
Tamasopo,22.0598344995021
Coxcatlán,172.206500732128
Moctezuma,14.7391834772177
Tamuín,20.0557988184643
Matlapa,247.49768465024
Rayón,19.4567983256821
Santo Domingo,2.49501465631218
Cerritos,22.9364276260008
Tierra Nueva,16.6426858760068
El Naranjo,25.5203910282264
Tampacán,76.5979414123442
Tamazunchale,268.689244887005
Rioverde,31.9657280869586
Villa de Reyes,51.8806741262555
Tampamolón Corona,51.7900980995394
Villa de Arriaga,20.7325111546957
Villa Hidalgo,10.3294979746199
Mexquitic de Carmona,66.6619675283041
Tancanhuitz,147.78152857206
Ciudad Fernández,92.7905000199568
