Municipio,Total
Loreto,48.7203633946377
Los Cabos,48.4653001472469
Total estatal,49.1664443601141
Comondú,49.5980608318155
Mulegé,48.3443191402955
La Paz,50.1086432088584
