Municipio,Total
Loreto,4.08820069344443
Los Cabos,93.5910381018621
Total estatal,10.8030550741951
Comondú,3.98616839931201
Mulegé,2.00007121864979
La Paz,18.959776080682
