Municipio,Porcentaje de hombres
Loreto,51.2796366053623
Los Cabos,51.5346998527531
Total estatal,50.8335556398859
Comondú,50.4019391681845
Mulegé,51.6556808597045
La Paz,49.8913567911416
