Municipio,Densidad de población
Total estatal,202.596169297702
Landa de Matamoros,26.1237111846706
Pedro Escobedo,239.483955487728
Peñamiller,27.5428965624443
Huimilpan,94.8344506075617
Amealco de Bonfil,93.7022744190061
El Marqués,309.867802331964
Jalpan de Serra,23.0505990787786
Arroyo Seco,17.9505901520035
San Joaquín,30.1965637012698
Tolimán,41.0127939575295
Pinal de Amoles,38.431191571357
Ezequiel Montes,150.353105867888
Tequisquiapan,195.339472240719
Cadereyta de Montes,51.2659510880571
Corregidora,904.97512975785
Colón,82.8386261615946
Querétaro,1537.57341491379
San Juan del Río,386.313395632836
