Municipio,Porcentaje de hombres
Carmen,49.4456388514939
Total estatal,49.219863350866
Campeche,48.1353523056886
Calakmul,50.7693763006874
Champotón,49.9296405270564
Palizada,50.9386156858229
Tenabo,50.6199790429619
Hecelchakán,49.2308174327161
Escárcega,49.1764431019809
Candelaria,50.4636241553514
Calkiní,49.2470286331713
Hopelchén,50.6122448979592
Seybaplaya,49.9248218604955
