Municipio,Densidad de población
Jalpa de Méndez,246.69764443834
Total estatal,97.1495276815842
Cárdenas,118.701079531273
Emiliano Zapata,54.3310606338504
Macuspana,65.2930201545368
Jalapa,63.7279210313939
Centla,39.9988724606304
Comalcalco,279.71751858017
Paraíso,237.362756321743
Tenosique,33.1022028913347
Nacajuca,280.766180612538
Balancán,16.3595287816213
Huimanguillo,51.3448790985115
Cunduacán,229.255919717959
Jonuta,18.7248722306916
Teapa,139.536108583041
Centro,397.96311053203
Tacotalpa,65.2124912270502
