Municipio,Densidad de población
Total estatal,41.5607889904355
Bacalar,6.89180909054877
Felipe Carrillo Puerto,6.49156459347096
Othón P. Blanco,23.5774519874909
Tulum,23.1451795910114
Solidaridad,165.661726628725
Benito Juárez,979.396853471838
Isla Mujeres,26.3011391566283
Puerto Morelos,25.8733279651858
Cozumel,181.609336115145
José María Morelos,8.075252808602
Lázaro Cárdenas,8.11810598805947
