Municipio,Densidad de población
Tlaltenango de Sánchez Román,36.599734808735
Teúl de González Ortega,7.88258910409144
Concepción del Oro,5.00984871982144
Tabasco,40.4397996435734
Sombrerete,17.5242335991029
Vetagrande,64.2413979741757
Jiménez del Teul,3.81268727742935
Ojocaliente,68.4602779717074
Benito Juárez,13.664161258803
Tepechitlán,15.283610846307
Chalchihuites,11.1955317679085
Miguel Auza,21.4436975772849
Momax ,15.1167086209068
Calera,118.105641660787
Villanueva,14.4817378021308
Moyahua de Estrada,8.3849355045293
El Salvador,4.02172084991302
Total estatal,21.5493932344655
Apozol,21.3765601381489
Luis Moya,74.5343945567416
General Pánfilo Natera,53.2183383178535
Monte Escobedo,5.42791120039311
Zacatecas,338.835992151376
Melchor Ocampo,1.45422697467865
Susticacán ,6.83877318113419
General Francisco R. Murguía,4.17529050935322
Atolinga,8.09666759348952
Fresnillo,47.2329114507016
Mazapil,1.46691660349361
Juan Aldama,31.6697257587836
Villa González Ortega,30.5784710125869
Jerez,38.8177998218421
Nochistlán de Mejía,31.8402698002171
Cañitas de Felipe Pescador,18.3660709668525
Santa María de la Paz,9.94066261846648
Trancoso,92.638074002162
Trinidad García de la Cadena,10.9473620937591
Genaro Codina,10.2770255928038
El Plateado de Joaquín Amaro,4.46572723463855
Jalpa,35.2374756552211
Loreto,125.161543682689
Pánuco,25.7618116142739
Villa de Cos,5.19129452407499
Noria de Ángeles,39.8651852746551
Morelos,72.9999729249529
Villa García,57.1342201810812
Huanusco,12.2132114808756
Tepetongo,8.95752090343706
Sain Alto,15.4376225795144
Mezquital del Oro,5.03810814082849
Juchipila,36.1839893000737
Apulco,24.4066782206821
General Enrique Estrada,33.6053608830354
Guadalupe,259.16260941239
Pinos,22.7988169273317
Río Grande,35.0981644975734
Cuauhtémoc,41.5124663507427
Villa Hidalgo,51.8064430479694
Valparaíso,5.68657199564963
