Municipio,Porcentaje de hombres
San Quintín,50.8454681545999
Tecate,52.6835116193287
Tijuana,50.388994045845
Total estatal,50.4266095695963
Mexicali,50.4145583125038
Ensenada,49.8655947292404
Playas de Rosarito,50.7415872015131
