Municipio,Densidad de población
Cuernavaca,1895.13397049898
Total estatal,404.091463436408
Emiliano Zapata,1568.31656500263
Temoac,446.909638951003
Jiutepec,3850.68376347538
Ayala,243.886027061186
Zacatepec,1173.83923459745
Huitzilac,129.632720949098
Ocuituco,222.058219188551
Xochitepec,788.822257299229
Temixco,1189.81162639248
Tlaltizapán de Zapata,219.738120868911
Atlatlahucan,317.893351600845
Jantetelco,179.940975130048
Jonacatepec,184.813932799794
Totolapan,212.582097540844
Tepalcingo,76.2848980561386
Tlayacapan,339.277443848608
Yecapixtla,323.787198976829
Mazatepec,166.697317064447
Tetecala,112.538716232689
Jojutla,387.098222535989
Tetela del Volcán,187.320016597348
Zacualpan de Amilpas,185.376313086814
Axochiapan,276.824957167115
Amacuzac,150.101896695601
Cuautla,1535.21890268664
Puente de Ixtla,168.702057930063
Miacatlán,97.1717354441263
Tlaquiltenango,62.1186050864697
Tlalnepantla,73.6394285042705
Coatlán del Río,126.141598735083
Tepoztlán,226.85248654532
Yautepec,588.98425280961
